<application>
  <component name="libraryTable">
    <library name="Python 3.7 (python3) interpreter library">
      <CLASSES>
        <root url="file://C:/ProgramData/Anaconda3/envs/python3/DLLs" />
        <root url="file://C:/ProgramData/Anaconda3/envs/python3/Lib" />
        <root url="file://C:/ProgramData/Anaconda3/envs/python3/Lib/site-packages" />
        <root url="file://$USER_HOME$/.IntelliJIdea2019.3/system/python_stubs/-2103017823" />
        <root url="file://$APPLICATION_PLUGINS_DIR$/python/helpers/python-skeletons" />
        <root url="file://$APPLICATION_PLUGINS_DIR$/python/helpers/typeshed/stdlib/3" />
        <root url="file://$APPLICATION_PLUGINS_DIR$/python/helpers/typeshed/stdlib/2and3" />
        <root url="file://$APPLICATION_PLUGINS_DIR$/python/helpers/typeshed/third_party/3" />
        <root url="file://$APPLICATION_PLUGINS_DIR$/python/helpers/typeshed/third_party/2and3" />
      </CLASSES>
      <JAVADOC />
      <SOURCES>
        <root url="file://C:/ProgramData/Anaconda3/envs/python3/DLLs" />
        <root url="file://C:/ProgramData/Anaconda3/envs/python3/Lib" />
        <root url="file://C:/ProgramData/Anaconda3/envs/python3/Lib/site-packages" />
        <root url="file://$USER_HOME$/.IntelliJIdea2019.3/system/python_stubs/-2103017823" />
        <root url="file://$APPLICATION_PLUGINS_DIR$/python/helpers/python-skeletons" />
        <root url="file://$APPLICATION_PLUGINS_DIR$/python/helpers/typeshed/stdlib/3" />
        <root url="file://$APPLICATION_PLUGINS_DIR$/python/helpers/typeshed/stdlib/2and3" />
        <root url="file://$APPLICATION_PLUGINS_DIR$/python/helpers/typeshed/third_party/3" />
        <root url="file://$APPLICATION_PLUGINS_DIR$/python/helpers/typeshed/third_party/2and3" />
      </SOURCES>
    </library>
  </component>
</application>