<application>
  <component name="CodotaSettings">
    <option name="methodCompletionsPercentageSet" value="true" />
    <option name="id" value="08b759cc-716e-40f3-968c-ab3f4d960f52" />
    <option name="wasRunBefore" value="true" />
    <option name="firstRun" value="1645497334979" />
    <option name="generation" value="129" />
    <option name="updateGeneration" value="1" />
    <option name="isInJSBeta" value="YES" />
    <option name="isMethodCompletionsPercentageActive" value="true" />
    <option name="isMethodCompletionsPercentageSet" value="true" />
    <option name="testedFeatureFlags">
      <set>
        <option value="deep-completions" />
      </set>
    </option>
    <option name="incompleteIndexingProjects">
      <set>
        <option value="758f3959" />
      </set>
    </option>
    <option name="usedLanguages">
      <set>
        <option value="java" />
      </set>
    </option>
    <option name="lastTabnineRecommendationDisplayDate" value="1663733869949" />
    <option name="tabnineRecommendationDontShowAgain" value="true" />
  </component>
</application>