<application>
  <component name="CodeInsightSettings">
    <option name="COMPLETION_CASE_SENSITIVE" value="2" />
    <option name="ADD_UNAMBIGIOUS_IMPORTS_ON_THE_FLY" value="true" />
  </component>
  <component name="DaemonCodeAnalyzerSettings" profile="NOT CHECK">
    <option name="SHOW_METHOD_SEPARATORS" value="true" />
  </component>
  <component name="DefaultFont">
    <option name="FONT_SIZE" value="14" />
    <option name="FONT_FAMILY" value="JetBrains Mono" />
    <option name="USE_LIGATURES" value="true" />
    <option name="SECONDARY_FONT_FAMILY" value="圆体" />
  </component>
  <component name="EditorSettings">
    <option name="languageBreadcrumbsMap">
      <map>
        <entry key="JAVA" value="true" />
      </map>
    </option>
    <option name="USE_SOFT_WRAPS" value="CONSOLE" />
    <option name="SOFT_WRAP_FILE_MASKS" value="*.md; *.txt; *.rst; *.adoc" />
    <option name="IS_RIGHT_MARGIN_SHOWN" value="false" />
    <option name="IS_WHEEL_FONTCHANGE_ENABLED" value="true" />
  </component>
  <component name="InspectionProfileManager">
    <info color="525229">
      <option name="myName" value="nono" />
      <option name="myVal" value="50" />
      <option name="myExternalName" value="nono" />
      <option name="myDefaultAttributes" />
    </info>
    <list size="11">
      <item index="0" class="java.lang.String" itemvalue="INFORMATION" />
      <item index="1" class="java.lang.String" itemvalue="nono" />
      <item index="2" class="java.lang.String" itemvalue="TYPO" />
      <item index="3" class="java.lang.String" itemvalue="SERVER PROBLEM" />
      <item index="4" class="java.lang.String" itemvalue="WEAK WARNING" />
      <item index="5" class="java.lang.String" itemvalue="INFO" />
      <item index="6" class="java.lang.String" itemvalue="WARNING" />
      <item index="7" class="java.lang.String" itemvalue="MAJOR" />
      <item index="8" class="java.lang.String" itemvalue="CRITICAL" />
      <item index="9" class="java.lang.String" itemvalue="BLOCKER" />
      <item index="10" class="java.lang.String" itemvalue="ERROR" />
    </list>
  </component>
  <component name="TodoConfiguration">
    <pattern pattern="\b(todo|fixme)\b.*" />
  </component>
  <component name="XmlEditorOptions">
    <option name="showCssInlineColorPreview" value="true" />
  </component>
</application>