<application>
  <component name="ExportableFileTemplateSettings">
    <includes_templates>
      <template name="Copy of File Header.java" reformat="true" live-template-enabled="true" />
      <template name="Copy1  of File Header.java" reformat="true" live-template-enabled="true" />
      <template name="Copy2  of File Header.java" reformat="true" live-template-enabled="true" />
      <template name="Copy3  of File Header.java" reformat="true" live-template-enabled="true" />
      <template name="File Header.java" reformat="true" live-template-enabled="true" enabled="true" />
    </includes_templates>
  </component>
</application>