<application>
  <component name="FileTypeManager" version="17">
    <ignoreFiles list="*.adoc;*.bat;*.gitignore;*.hprof;*.idea;*.iml;*.pyc;*.pyo;*.rbc;*.yarb;*~;.DS_Store;.git;.hg;.svn;CVS;__pycache__;_svn;rebel.xml;vssver.scc;vssver2.scc;" />
    <extensionMap>
      <mapping ext="main.kts" type="Kotlin" />
      <mapping ext="gradle.kts" type="Kotlin" />
      <mapping pattern="123" type="PLAIN_TEXT" />
      <mapping pattern="部署文档" type="PLAIN_TEXT" />
      <mapping pattern="ifcfg-eth0" type="PLAIN_TEXT" />
      <mapping pattern=".bash_logout" type="PLAIN_TEXT" />
      <mapping pattern="开发日志" type="PLAIN_TEXT" />
      <mapping pattern="network" type="PLAIN_TEXT" />
      <mapping pattern="；；" type="PLAIN_TEXT" />
      <mapping pattern="init" type="PLAIN_TEXT" />
      <mapping pattern="profile" type="PLAIN_TEXT" />
      <mapping pattern="排期" type="PLAIN_TEXT" />
      <mapping pattern="重点事项" type="PLAIN_TEXT" />
      <mapping pattern=".gitkeep" type="PLAIN_TEXT" />
      <mapping pattern="ficfg-eth0" type="PLAIN_TEXT" />
      <mapping pattern="ifcfg-ens33" type="PLAIN_TEXT" />
      <mapping pattern="initialAdminPassword" type="PLAIN_TEXT" />
      <mapping pattern="erte" type="PLAIN_TEXT" />
      <mapping ext="17" type="PLAIN_TEXT" />
      <mapping ext="20" type="PLAIN_TEXT" />
      <mapping ext="18" type="PLAIN_TEXT" />
      <mapping ext="12" type="PLAIN_TEXT" />
      <mapping ext="ncx" type="PLAIN_TEXT" />
      <mapping ext="0数据库脚本" type="PLAIN_TEXT" />
      <mapping ext="maveninstaller" type="PLAIN_TEXT" />
      <mapping ext="xts" type="PLAIN_TEXT" />
      <mapping ext="original" type="PLAIN_TEXT" />
      <mapping ext="m" type="PLAIN_TEXT" />
      <mapping pattern="Mysql&amp;&amp;SqlServer" type="SQL" />
      <mapping ext="conf" type="TypeScript" />
      <mapping pattern="application-dev" type="YAML" />
      <removed_mapping pattern="uml建模方法论" approved="true" type="Markdown" />
      <removed_mapping pattern="my&amp;&amp;sql" approved="true" type="Markdown" />
    </extensionMap>
  </component>
</application>