<application>
  <component name="AppStorage">
    <histories>
      <item value="/** * Returns &lt;tt&gt;true&lt;/tt&gt; if this collection contains the specified element. * More formally, returns &lt;tt&gt;true&lt;/tt&gt; if and only if this collection * contains at least one element &lt;tt&gt;e&lt;/tt&gt; such that * &lt;tt&gt;(o==null&amp;nbsp;?&amp;nbsp;e==null&amp;nbsp;:&amp;nbsp;o.equals(e))&lt;/tt&gt;. * * @param o element whose presence in this collection is to be tested * @return &lt;tt&gt;true&lt;/tt&gt; if this collection contains the specified * element * @throws ClassCastException if the type of the specified element * is incompatible with this collection * (&lt;a href=&quot;#optional-restrictions&quot;&gt;optional&lt;/a&gt;) * @throws NullPointerException if the specified element is null and this * collection does not permit null elements * (&lt;a href=&quot;#optional-restrictions&quot;&gt;optional&lt;/a&gt;)" />
    </histories>
    <option name="languageScores">
      <map>
        <entry key="ENGLISH" value="1" />
      </map>
    </option>
  </component>
  <component name="Settings">
    <option name="ignoreRegExp" value="" />
  </component>
</application>