<application>
  <component name="GraziConfig">
    <option name="enabledLanguages">
      <set>
        <option value="English (US)" />
        <option value="Chinese" />
      </set>
    </option>
    <option name="userDisabledRules">
      <set>
        <option value="LanguageTool.ZH.BO5_BO6" />
        <option value="LanguageTool.ZH.BIBIJIESHI" />
        <option value="LanguageTool.ZH.JIAN5_JIAN6" />
        <option value="LanguageTool.ZH.CUO5_CUO6" />
        <option value="LanguageTool.ZH.YUN3_YUN4" />
        <option value="LanguageTool.ZH.LIU3_LIU4" />
        <option value="LanguageTool.ZH.JIE5_JIE6" />
        <option value="LanguageTool.ZH.BI1_BI2" />
        <option value="LanguageTool.ZH.WEN1_WEN2" />
        <option value="LanguageTool.ZH.BINGBINGYOULI" />
        <option value="LanguageTool.ZH.FENGCHIDIANCHE" />
        <option value="LanguageTool.ZH.HU3_HU4" />
        <option value="LanguageTool.ZH.ZHEN1_SHEN2" />
        <option value="LanguageTool.ZH.YIMAIXIANGCHENG" />
        <option value="LanguageTool.ZH.LIAN15_LIAN16" />
        <option value="LanguageTool.ZH.RONG1_RONG2_RONG3" />
        <option value="LanguageTool.ZH.JUE9_JUE10" />
        <option value="LanguageTool.ZH.FAN5_FAN6" />
        <option value="LanguageTool.ZH.MINGLIEQIANMAO" />
        <option value="LanguageTool.ZH.YI1_JI2" />
        <option value="LanguageTool.ZH.XIANGTIBINGLUN" />
        <option value="LanguageTool.ZH.XIN3_XIN4" />
        <option value="LanguageTool.ZH.GONG9_GONG10" />
        <option value="LanguageTool.ZH.LIAO1_LE2" />
        <option value="LanguageTool.ZH.GUI3_GUI4" />
        <option value="LanguageTool.ZH.LIAO5_LIAO6" />
        <option value="LanguageTool.ZH.JI3_JI4" />
        <option value="LanguageTool.ZH.TAN1_TAN2" />
        <option value="LanguageTool.ZH.YING5_YING6" />
        <option value="LanguageTool.ZH.E1_E2" />
        <option value="LanguageTool.ZH.ZUO1_ZUO2" />
        <option value="LanguageTool.ZH.KAN1_KAN2" />
        <option value="LanguageTool.ZH.OU1_OU2" />
        <option value="LanguageTool.ZH.BA1_BA2" />
        <option value="LanguageTool.ZH.JI31_JI32" />
        <option value="LanguageTool.ZH.GONGKUIYIKUI" />
        <option value="LanguageTool.ZH.PO1_PO2" />
        <option value="LanguageTool.ZH.JIA1_GA2" />
        <option value="LanguageTool.ZH.FANG1_FANG2" />
        <option value="LanguageTool.ZH.SHANSHANLAICHI" />
        <option value="LanguageTool.ZH.YAN_YING" />
        <option value="LanguageTool.ZH.TU_XI" />
        <option value="LanguageTool.ZH.KENG1_HANG2" />
        <option value="LanguageTool.ZH.KUI7_KUI8" />
        <option value="LanguageTool.ZH.ZHANG3_ZHANG4" />
        <option value="LanguageTool.ZH.AISHENGTANQI" />
        <option value="LanguageTool.ZH.XIE1_XIE2" />
        <option value="LanguageTool.ZH.HUAN_YOU" />
        <option value="LanguageTool.ZH.QIN1_QIN2" />
        <option value="LanguageTool.ZH.NIU1_NIU2" />
        <option value="LanguageTool.ZH.YIA1_YI2" />
        <option value="LanguageTool.ZH.XIANG3_XIANG4" />
        <option value="LanguageTool.ZH.GONG5_GONG6" />
        <option value="LanguageTool.ZH.XING7_XING8" />
        <option value="LanguageTool.ZH.WU11_WU12" />
        <option value="LanguageTool.ZH.REN5_REN6" />
        <option value="LanguageTool.ZH.SHA1_SHA2_SHA3" />
        <option value="LanguageTool.ZH.YA1_YA2" />
        <option value="LanguageTool.ZH.BA_BO" />
        <option value="LanguageTool.ZH.DU3_DU4" />
        <option value="LanguageTool.ZH.MINGFUQISHI" />
        <option value="LanguageTool.ZH.CHA1_CHA2" />
        <option value="LanguageTool.ZH.XIAO1_RAO2" />
        <option value="LanguageTool.ZH.TOU1_TOU2" />
        <option value="LanguageTool.ZH.HE1_HE2" />
        <option value="LanguageTool.ZH.SHA3_SHA4" />
        <option value="LanguageTool.ZH.XIUYANSHENGYI" />
        <option value="LanguageTool.ZH.ZHI25_ZHI26" />
        <option value="LanguageTool.ZH.YI1_YI2" />
        <option value="LanguageTool.ZH.GANGBIZIYONG" />
        <option value="LanguageTool.ZH.HONG3_HONG4" />
        <option value="LanguageTool.ZH.LIN5_LIN6" />
        <option value="LanguageTool.ZH.FUYUANLIAOKUO" />
        <option value="LanguageTool.ZH.SHEN5_SHEN6" />
        <option value="LanguageTool.ZH.ZHONG3_ZHONG4" />
        <option value="LanguageTool.ZH.QUE7_QUE8" />
        <option value="LanguageTool.ZH.CANGHAIYISU" />
        <option value="LanguageTool.ZH.JING5_JING6" />
        <option value="LanguageTool.ZH.WENG1_WENG2" />
        <option value="LanguageTool.ZH.YUAN_NU" />
        <option value="LanguageTool.ZH.LU3_LU4" />
        <option value="LanguageTool.ZH.SHANBAGANXIU" />
        <option value="LanguageTool.ZH.LUAN1_LUAN2" />
        <option value="LanguageTool.ZH.XU5_XU6" />
        <option value="LanguageTool.ZH.JIAO3_JIAO4" />
        <option value="LanguageTool.ZH.SHANGCUANXIATIAO" />
        <option value="LanguageTool.ZH.LAN7_LAN8" />
        <option value="LanguageTool.ZH.JIU5_JIU6" />
        <option value="LanguageTool.ZH.ZH11" />
        <option value="LanguageTool.ZH.CHANG_BI" />
        <option value="LanguageTool.ZH.ZH12" />
        <option value="LanguageTool.ZH.ZH10" />
        <option value="LanguageTool.ZH.JI13_JI14" />
        <option value="LanguageTool.ZH.LV3_LV4" />
        <option value="LanguageTool.ZH.JIONGJIONGYOUSHEN" />
        <option value="LanguageTool.ZH.WEIWEIDONGTING" />
        <option value="LanguageTool.ZH.YUGAIMIZHANG" />
        <option value="LanguageTool.ZH.YAN9_YAN10" />
        <option value="LanguageTool.ZH.MINGWANBULING" />
        <option value="LanguageTool.ZH.ZHENG1_ZHENG2" />
        <option value="LanguageTool.ZH.ZUO11_ZUO2" />
        <option value="LanguageTool.ZH.MO5_MO6" />
        <option value="LanguageTool.ZH.SHENZHIBUQING" />
        <option value="LanguageTool.ZH.JIA3_JIA4" />
        <option value="LanguageTool.ZH.MINGQIANGANJIAN" />
        <option value="LanguageTool.ZH.TU5_TU6" />
        <option value="LanguageTool.ZH.LIAN7_LIAN8" />
        <option value="LanguageTool.ZH.LANG1_LANG2" />
        <option value="LanguageTool.ZH.BAN1_BAN2" />
        <option value="LanguageTool.ZH.LIUYANFEIYU" />
        <option value="LanguageTool.ZH.WANG7_WANG8" />
        <option value="LanguageTool.ZH.JI29_JI30" />
        <option value="LanguageTool.ZH.SHIMUYIDAI" />
        <option value="LanguageTool.ZH.HUO1_HUO2" />
        <option value="LanguageTool.ZH.ZHI17_ZHI18" />
        <option value="LanguageTool.ZH.JI23_JI24" />
        <option value="LanguageTool.ZH.YICUERJIU" />
        <option value="LanguageTool.ZH.SHAN_ZHAN" />
        <option value="LanguageTool.ZH.TANWEIGUANZHI" />
        <option value="LanguageTool.ZH.SHANGXINYUEMU" />
        <option value="LanguageTool.ZH.XIU1_XIU2" />
        <option value="LanguageTool.ZH.MING5_MING6" />
        <option value="LanguageTool.ZH.LIAOLIAOWUJI" />
        <option value="LanguageTool.ZH.SIKONGJIANGUAN" />
        <option value="LanguageTool.ZH.SU1_SU2" />
        <option value="LanguageTool.ZH.ZHEN3_ZHEN4" />
        <option value="LanguageTool.ZH.LONG1_LONG2" />
        <option value="LanguageTool.ZH.HUI1_HUI2" />
        <option value="LanguageTool.ZH.PANGZHENGBOYIN" />
        <option value="LanguageTool.ZH.SHU3_SHU4" />
        <option value="LanguageTool.ZH.POU1_BEI2" />
        <option value="LanguageTool.ZH.XIAN7_XIAN8" />
        <option value="LanguageTool.ZH.QUE1_QUE2" />
        <option value="LanguageTool.ZH.GU1_GU2" />
        <option value="LanguageTool.ZH.YA3_YA4" />
        <option value="LanguageTool.ZH.MING1_MING2" />
        <option value="LanguageTool.ZH.TING3_TING4" />
        <option value="LanguageTool.ZH.LI_SU" />
        <option value="LanguageTool.ZH.WANBIGUIZHAO" />
        <option value="LanguageTool.ZH.PAOGUANGYANGHUI" />
        <option value="LanguageTool.ZH.QIAO1_QIAO2" />
        <option value="LanguageTool.ZH.XUN3_XUN4" />
        <option value="LanguageTool.ZH.MINGZAOYISHI" />
        <option value="LanguageTool.ZH.SHENG1_SHENG2" />
        <option value="LanguageTool.ZH.DAI7_DAI8" />
        <option value="LanguageTool.ZH.ZHEN8_ZHEN9" />
        <option value="LanguageTool.ZH.GANBAIXIAFENG" />
        <option value="LanguageTool.ZH.BIAO1_BIAO2" />
        <option value="LanguageTool.ZH.JING11_JING12" />
        <option value="LanguageTool.ZH.KUI9_KUI10" />
        <option value="LanguageTool.ZH.YIN1_YIN2" />
        <option value="LanguageTool.ZH.ZHI7_ZHI8" />
        <option value="LanguageTool.ZH.HONGTANGDAXIAO" />
        <option value="LanguageTool.ZH.XUN5_XUN6" />
        <option value="LanguageTool.ZH.ZHUO1_ZHUO2" />
        <option value="LanguageTool.ZH.ZHENG3_ZHENG4" />
        <option value="LanguageTool.ZH.ZUO7_ZUO8" />
        <option value="LanguageTool.ZH.KE1_KE2" />
        <option value="LanguageTool.ZH.JUE7_JUE8" />
        <option value="LanguageTool.ZH.WUCAIBINGFEN" />
        <option value="LanguageTool.ZH.XUAN5_XUAN6" />
        <option value="LanguageTool.ZH.XIE7_XIE8" />
        <option value="LanguageTool.ZH.ZAO1_ZAO2" />
        <option value="LanguageTool.ZH.DU1_DU2" />
        <option value="LanguageTool.ZH.FU17_FU18" />
        <option value="LanguageTool.ZH.XIAO11_XIAO12" />
        <option value="LanguageTool.ZH.TUN1_TUN2" />
        <option value="LanguageTool.ZH.CANGENGLENGZHI" />
        <option value="LanguageTool.ZH.HUANG3_HUANG4" />
        <option value="LanguageTool.ZH.DING1_DING2" />
        <option value="LanguageTool.ZH.HENG_XIANG" />
        <option value="LanguageTool.ZH.DIAO3_DIAO4" />
        <option value="LanguageTool.ZH.AN1_AN2" />
        <option value="LanguageTool.ZH.CAN1_CAN2" />
        <option value="LanguageTool.ZH.ZHOU1_ZHOU2" />
        <option value="LanguageTool.ZH.XU7_XU8" />
        <option value="LanguageTool.ZH.XING1_XING2" />
        <option value="LanguageTool.ZH.CHANG3_CHANG4" />
        <option value="LanguageTool.ZH.LU1_LU2" />
        <option value="LanguageTool.ZH.ZI3_ZI4" />
        <option value="LanguageTool.ZH.SHI13_SHI14" />
        <option value="LanguageTool.ZH.GONG1_GONG2" />
        <option value="LanguageTool.ZH.QIANJUHOUGONG" />
        <option value="LanguageTool.ZH.ZHAO1_ZHAO2" />
        <option value="LanguageTool.ZH.TENG1_TENG2" />
        <option value="LanguageTool.ZH.XIAO5_XIAO6" />
        <option value="LanguageTool.ZH.XING1_XIAN2" />
        <option value="LanguageTool.ZH.PAN_SHAN1_SHAN2" />
        <option value="LanguageTool.ZH.FUZHUDONGLIU" />
        <option value="LanguageTool.ZH.JUN1_JUN2" />
        <option value="LanguageTool.ZH.NIANG1_NIANG2" />
        <option value="LanguageTool.ZH.YI3_YI4" />
        <option value="LanguageTool.ZH.PO3_PO4" />
        <option value="LanguageTool.ZH.LUOYINGBINFEN" />
        <option value="LanguageTool.ZH.YU7_YU8" />
        <option value="LanguageTool.ZH.MIAO3_MIAO4" />
        <option value="LanguageTool.ZH.SANFANWUCI" />
        <option value="LanguageTool.ZH.FANYUNFUYU" />
        <option value="LanguageTool.ZH.QUZHIRUOWU" />
        <option value="LanguageTool.ZH.JINGJINGYEYE" />
        <option value="LanguageTool.ZH.ZHU7_ZHU8" />
        <option value="LanguageTool.ZH.LAN11_LAN12" />
        <option value="LanguageTool.ZH.XUAN1_XUAN2" />
        <option value="LanguageTool.ZH.FENGSHENGHELI" />
        <option value="LanguageTool.ZH.QIAN3_QIAN4" />
        <option value="LanguageTool.ZH.SHI15_SHI16" />
        <option value="LanguageTool.ZH.SIPILAILIAN" />
        <option value="LanguageTool.ZH.PIN1_PIN2" />
        <option value="LanguageTool.ZH.LUO1_GE2" />
        <option value="LanguageTool.ZH.YUAN_WU" />
        <option value="LanguageTool.ZH.XING3_XING4" />
        <option value="LanguageTool.ZH.ROU1_ROU2" />
        <option value="LanguageTool.ZH.WEI_MO" />
        <option value="LanguageTool.ZH.GENSHENDIGU" />
        <option value="LanguageTool.ZH.SHIKOUFOUREN" />
        <option value="LanguageTool.ZH.YUEZUDAIBAO" />
        <option value="LanguageTool.ZH.DAI5_DAI6" />
        <option value="LanguageTool.ZH.YOUROUGUADUAN" />
        <option value="LanguageTool.ZH.GUHUORENXIN" />
        <option value="LanguageTool.ZH.HUI3_HUI4" />
        <option value="LanguageTool.ZH.ZHETIANBIRI" />
        <option value="LanguageTool.ZH.YIN9_YIN10" />
        <option value="LanguageTool.ZH.FEI1_FEI2" />
        <option value="LanguageTool.ZH.HE3_HE4" />
        <option value="LanguageTool.ZH.ZHA1_BIAN2" />
        <option value="LanguageTool.ZH.FANGWEIDUJIAN" />
        <option value="LanguageTool.ZH.XIANG5_XIANG6" />
        <option value="LanguageTool.ZH.HONG7_HONG8" />
        <option value="LanguageTool.ZH.HU1_HU2" />
        <option value="LanguageTool.ZH.AI_ZHONG_SHUAI" />
        <option value="LanguageTool.ZH.MO3_MO4" />
        <option value="LanguageTool.ZH.KUI5_KUI6" />
        <option value="LanguageTool.ZH.JU7_JU8" />
        <option value="LanguageTool.ZH.MAN1_MAN2" />
        <option value="LanguageTool.ZH.CHUN1_CHUN2" />
        <option value="LanguageTool.ZH.ZHI1_PAO2" />
        <option value="LanguageTool.ZH.SHANG1_SHANG2" />
        <option value="LanguageTool.ZH.YUAN1_HUAN2" />
        <option value="LanguageTool.ZH.BI11_BI12" />
        <option value="LanguageTool.ZH.ZUAN1_ZUAN2" />
        <option value="LanguageTool.ZH.SHI_SHUAI" />
        <option value="LanguageTool.ZH.FENFATUQIANG" />
        <option value="LanguageTool.ZH.MO9_MO10" />
        <option value="LanguageTool.ZH.QIUSHUIYIREN" />
        <option value="LanguageTool.ZH.LING_LENG" />
        <option value="LanguageTool.ZH.XIANG9_XIANG10" />
        <option value="LanguageTool.ZH.YIGUZUOQI" />
        <option value="LanguageTool.ZH.SHU9_SHU10" />
        <option value="LanguageTool.ZH.CI1_CI2" />
        <option value="LanguageTool.ZH.YUAN5_YUAN6" />
        <option value="LanguageTool.ZH.YANG3_YANG4" />
        <option value="LanguageTool.ZH.FAN3_FAN4" />
        <option value="LanguageTool.ZH.RENCAIBEICHU" />
        <option value="LanguageTool.ZH.AO5_AO6" />
        <option value="LanguageTool.ZH.AI1_AI2" />
        <option value="LanguageTool.ZH.JIA5_JIA6" />
        <option value="LanguageTool.ZH.GUI1_GUI2" />
        <option value="LanguageTool.ZH.LIAN13_LIAN14" />
        <option value="LanguageTool.ZH.CE1_CE2" />
        <option value="LanguageTool.ZH.MI3_MI4" />
        <option value="LanguageTool.ZH.RENGONGZHINENG" />
        <option value="LanguageTool.ZH.PU1_PU2" />
        <option value="LanguageTool.ZH.JIE3_JIE4" />
        <option value="LanguageTool.ZH.QING_JING" />
        <option value="LanguageTool.ZH.LIAN3_LIAN4" />
        <option value="LanguageTool.ZH.PI7_PI8" />
        <option value="LanguageTool.ZH.XIAO1_XIAO2" />
        <option value="LanguageTool.ZH.XIANGKUANGSHENYI" />
        <option value="LanguageTool.ZH.HOU1_HOU2" />
        <option value="LanguageTool.ZH.JI11_JI2" />
        <option value="LanguageTool.ZH.FANG5_FANG6" />
        <option value="LanguageTool.ZH.YAO_TA" />
        <option value="LanguageTool.ZH.GUAN3_GUAN4" />
        <option value="LanguageTool.ZH.LUN1_LUN2" />
        <option value="LanguageTool.ZH.WEIMIBUZHEN" />
        <option value="LanguageTool.ZH.TING5_TING6" />
        <option value="LanguageTool.ZH.JUN1_JUN2_JUN3_JUN4" />
        <option value="LanguageTool.ZH.KUI1_KUI2" />
        <option value="LanguageTool.ZH.XU3_XU4" />
        <option value="LanguageTool.ZH.LI7_LI8" />
        <option value="LanguageTool.ZH.CHEN1_CHEN2" />
        <option value="LanguageTool.ZH.LIU5_LIU6" />
        <option value="LanguageTool.ZH.HUAN1_HUAN2" />
        <option value="LanguageTool.ZH.JIE7_JIE8" />
        <option value="LanguageTool.ZH.ESHOUCHENGQIN" />
        <option value="LanguageTool.ZH.QUQUXIAOSHI" />
        <option value="LanguageTool.ZH.CUO3_CUO4" />
        <option value="LanguageTool.ZH.PEI1_PEI2" />
        <option value="LanguageTool.ZH.BAN3_BAN4" />
        <option value="LanguageTool.ZH.WEI1_HUI2" />
        <option value="LanguageTool.ZH.YAN1_YA2" />
        <option value="LanguageTool.ZH.MANMUCHUANGYI" />
        <option value="LanguageTool.ZH.YI1_SI2" />
        <option value="LanguageTool.ZH.YONG1_YONG2" />
        <option value="LanguageTool.ZH.JIA1_JIA2" />
        <option value="LanguageTool.ZH.NUO1_NUO2" />
        <option value="LanguageTool.ZH.QI3_QI4" />
        <option value="LanguageTool.ZH.HUI7_HUI8" />
        <option value="LanguageTool.ZH.sd1" />
        <option value="LanguageTool.ZH.NOT_EXIST_NO" />
        <option value="LanguageTool.ZH.ZE1_ZE2" />
        <option value="LanguageTool.ZH.DU5_DU6" />
        <option value="LanguageTool.ZH.LAN5_LAN6" />
        <option value="LanguageTool.ZH.CAI1_CAI2" />
        <option value="LanguageTool.ZH.LI17_LI18" />
        <option value="LanguageTool.ZH.TAN3_TAN4" />
        <option value="LanguageTool.ZH.ZUO3_ZUO4" />
        <option value="LanguageTool.ZH.YUAN3_YUAN4" />
        <option value="LanguageTool.ZH.HANXINRUKU" />
        <option value="LanguageTool.ZH.ZHAO1_ZAO2" />
        <option value="LanguageTool.ZH.MO1_MO2" />
        <option value="LanguageTool.ZH.YANG5_YANG6" />
        <option value="LanguageTool.ZH.CHI3_CHI4" />
        <option value="LanguageTool.ZH.LIN7_LIN8" />
        <option value="LanguageTool.ZH.JUAN_QUAN" />
        <option value="LanguageTool.ZH.JI33_JI34" />
        <option value="LanguageTool.ZH.CHONGERBUWEN" />
        <option value="LanguageTool.ZH.SHIZUOYONGZHE" />
        <option value="LanguageTool.ZH.QIMAOBUYANG" />
        <option value="LanguageTool.ZH.JIAOSHEYINYI" />
        <option value="LanguageTool.ZH.慌_皇" />
        <option value="LanguageTool.ZH.DAI1_DAI2" />
        <option value="LanguageTool.ZH.XIE3_XIE4" />
        <option value="LanguageTool.ZH.CHUAN3_CHUAN4" />
        <option value="LanguageTool.ZH.YI11_YI12" />
        <option value="LanguageTool.ZH.XI1_ZAI2" />
        <option value="LanguageTool.ZH.ZAO3_ZAO4" />
        <option value="LanguageTool.ZH.MENG1_MENG2" />
        <option value="LanguageTool.ZH.JIUZHANQUECHAO" />
        <option value="LanguageTool.ZH.DANG1_DANG2" />
        <option value="LanguageTool.ZH.HAN1_HAN2" />
        <option value="LanguageTool.ZH.YUA1_YU2" />
        <option value="LanguageTool.ZH.TIGANGQIELING" />
        <option value="LanguageTool.ZH.QING1_QIN2" />
        <option value="LanguageTool.ZH.CHIXINWANGXIANG" />
        <option value="LanguageTool.ZH.ZHA3_ZHA4" />
        <option value="LanguageTool.ZH.XINGJIKEYI" />
        <option value="LanguageTool.ZH.NUYANBIXI" />
        <option value="LanguageTool.ZH.FAWANGHUIHUI" />
        <option value="LanguageTool.ZH.SHOUDANGQICHONG2" />
        <option value="LanguageTool.ZH.SHUSHIWUDU" />
        <option value="LanguageTool.ZH.SHENCAIYIYI" />
        <option value="LanguageTool.ZH.SHOUDANGQICHONG1" />
        <option value="LanguageTool.ZH.YIFENTIANYING" />
        <option value="LanguageTool.ZH.YONG9_YONG10" />
        <option value="LanguageTool.ZH.WU_NIAO" />
        <option value="LanguageTool.ZH.CENG1_CENG2" />
        <option value="LanguageTool.ZH.POZAIMEIJIE" />
        <option value="LanguageTool.ZH.JI19_JI20" />
        <option value="LanguageTool.ZH.ZHISHUXIONGYI " />
        <option value="LanguageTool.ZH.LING1_LING2" />
        <option value="LanguageTool.ZH.FU9_FU10" />
        <option value="LanguageTool.ZH.SHAN3_SHAN4" />
        <option value="LanguageTool.ZH.QIE1_QIE2" />
        <option value="LanguageTool.ZH.DAO3_DAO4" />
        <option value="LanguageTool.ZH.WO1_GAN2" />
        <option value="LanguageTool.ZH.PANLONGFUFENG" />
        <option value="LanguageTool.ZH.LINCIJIEBI" />
        <option value="LanguageTool.ZH.RU1_RU2" />
        <option value="LanguageTool.ZH.TU1_TU2" />
        <option value="LanguageTool.ZH.XIN1_XIN2" />
        <option value="LanguageTool.ZH.GUYUJILIANG" />
        <option value="LanguageTool.ZH.GAI5_GAI6" />
        <option value="LanguageTool.ZH.SIXINTADI" />
        <option value="LanguageTool.ZH.CHUNQIANGSHEJIAN" />
        <option value="LanguageTool.ZH.ZHAN1_ZHAN2" />
        <option value="LanguageTool.ZH.WANGZIFEIBO" />
        <option value="LanguageTool.ZH.YING1_TING2" />
        <option value="LanguageTool.ZH.GUAN9_GUAN10" />
        <option value="LanguageTool.ZH.凸出" />
        <option value="LanguageTool.ZH.SHI1_SHI2" />
        <option value="LanguageTool.ZH.MEN1_MEN2" />
        <option value="LanguageTool.ZH.ZU1_ZU2" />
        <option value="LanguageTool.ZH.JUE5_JUE6" />
        <option value="LanguageTool.ZH.GAI1_GAI2" />
        <option value="LanguageTool.ZH.AO3_AO4" />
        <option value="LanguageTool.ZH.BINGXINGBUBEI" />
        <option value="LanguageTool.ZH.JU5_JU6" />
        <option value="LanguageTool.ZH.FEN3_FEN4" />
        <option value="LanguageTool.ZH.SANLINGWUSHEN" />
        <option value="LanguageTool.ZH.YAN3_YAN4" />
        <option value="LanguageTool.ZH.HU5_HU6" />
        <option value="LanguageTool.ZH.YOU3_YOU4" />
        <option value="LanguageTool.ZH.QINZHUNANSHU" />
        <option value="LanguageTool.ZH.ZHI21_ZHI22" />
        <option value="LanguageTool.ZH.JI_YI" />
        <option value="LanguageTool.ZH.MI1_MI2" />
        <option value="LanguageTool.ZH.MAI_BO" />
        <option value="LanguageTool.ZH.XIN_XING" />
        <option value="LanguageTool.ZH.SHI5_SHI6" />
        <option value="LanguageTool.ZH.ZHU1_ZHU2" />
        <option value="LanguageTool.ZH.RU3_RU4" />
        <option value="LanguageTool.ZH.HUA1_HUA2" />
        <option value="LanguageTool.ZH.YI11_YI2" />
        <option value="LanguageTool.ZH.MI_QIN" />
        <option value="LanguageTool.ZH.GUAN1_GUAN2" />
        <option value="LanguageTool.ZH.SHUIXIEBUTONG" />
        <option value="LanguageTool.ZH.FU13_FU14" />
        <option value="LanguageTool.ZH.JING1_JING2" />
        <option value="LanguageTool.ZH.CHOU1_CHOU2" />
        <option value="LanguageTool.ZH.JING13_JING14" />
        <option value="LanguageTool.ZH.MING7_MING8" />
        <option value="LanguageTool.ZH.JIN6_JIN7" />
        <option value="LanguageTool.ZH.CHUOCHUOYOUYU" />
        <option value="LanguageTool.ZH.AI3_AI4" />
        <option value="LanguageTool.ZH.JIAN7_JIAN8" />
        <option value="LanguageTool.ZH.LA1_LA2" />
        <option value="LanguageTool.ZH.PA1_PA2" />
        <option value="LanguageTool.ZH.YAN7_YAN8" />
        <option value="LanguageTool.ZH.wa2" />
        <option value="LanguageTool.ZH.wa3" />
        <option value="LanguageTool.ZH.wa1" />
        <option value="LanguageTool.ZH.PU3_PU4" />
        <option value="LanguageTool.ZH.JUE1_JUE2" />
        <option value="LanguageTool.ZH.BUSHU" />
        <option value="LanguageTool.ZH.SHENGSHAYUDUO" />
        <option value="LanguageTool.ZH.YONG11_YONG12" />
        <option value="LanguageTool.ZH.wa5" />
        <option value="LanguageTool.ZH.FU5_FU6" />
        <option value="LanguageTool.ZH.XIE9_XIE10" />
        <option value="LanguageTool.ZH.SHANGTUXIAXIE" />
        <option value="LanguageTool.ZH.XI7_XI8" />
        <option value="LanguageTool.ZH.JIAOROUZAOZUO" />
        <option value="LanguageTool.ZH.XU1_XU2" />
        <option value="LanguageTool.ZH.TOUJIDAOBA" />
        <option value="LanguageTool.ZH.WANG3_WANG4" />
        <option value="LanguageTool.ZH.ZHAN1_ZHAN2_ZHAN3" />
        <option value="LanguageTool.ZH.HUN3_HUN4" />
        <option value="LanguageTool.ZH.JIAN1_JIAN2" />
        <option value="LanguageTool.ZH.SA_JIU" />
        <option value="LanguageTool.ZH.CHU1_CHU2" />
        <option value="LanguageTool.ZH.DASHIDAFEI" />
        <option value="LanguageTool.ZH.LEI1_LEI2" />
        <option value="LanguageTool.ZH.BUCHIXIAWEN" />
        <option value="LanguageTool.ZH.DONG1_DONG2" />
        <option value="LanguageTool.ZH.BASHANSHESHUI" />
        <option value="LanguageTool.ZH.SHENGMINGNANFU" />
        <option value="LanguageTool.ZH.QIONG1_QIONG2" />
        <option value="LanguageTool.ZH.WANG1_WANG2" />
        <option value="LanguageTool.ZH.ZHONG5_ZHONG6" />
        <option value="LanguageTool.ZH.FU7_FU8" />
        <option value="LanguageTool.ZH.FENBEIJISHU" />
        <option value="LanguageTool.ZH.TOUBICONGRONG" />
        <option value="LanguageTool.ZH.DIE3_DIE4" />
        <option value="LanguageTool.ZH.DOUBLE_PUNCTUATION" />
        <option value="LanguageTool.ZH.YONG5_YONG6" />
        <option value="LanguageTool.ZH.GUAN5_GUAN6" />
        <option value="LanguageTool.ZH.PIAO1_PIAO2" />
        <option value="LanguageTool.ZH.SHOUZHIYUREN" />
        <option value="LanguageTool.ZH.CHE1_ZHE2" />
        <option value="LanguageTool.ZH.MI9_MI10" />
        <option value="LanguageTool.ZH.ZHANZHANJINGJING" />
        <option value="LanguageTool.ZH.LUESHENGYICHOU" />
        <option value="LanguageTool.ZH.ZE3_ZE4" />
        <option value="LanguageTool.ZH.QI1_QI2" />
        <option value="LanguageTool.ZH.KOUGANSHEZAO" />
        <option value="LanguageTool.ZH.SELINEIREN" />
        <option value="LanguageTool.ZH.ZH5" />
        <option value="LanguageTool.ZH.wb3" />
        <option value="LanguageTool.ZH.ZH4" />
        <option value="LanguageTool.ZH.wb4" />
        <option value="LanguageTool.ZH.wb1" />
        <option value="LanguageTool.ZH.LIE1_LI2" />
        <option value="LanguageTool.ZH.ZH6" />
        <option value="LanguageTool.ZH.wb2" />
        <option value="LanguageTool.ZH.MAN5_MAN6" />
        <option value="LanguageTool.ZH.ZH1" />
        <option value="LanguageTool.ZH.CHUAN5_CHUAN6" />
        <option value="LanguageTool.ZH.ZH3" />
        <option value="LanguageTool.ZH.SHU7_SHU8" />
        <option value="LanguageTool.ZH.ZH2" />
        <option value="LanguageTool.ZH.BAO111_BAO2" />
        <option value="LanguageTool.ZH.DU7_DU8" />
        <option value="LanguageTool.ZH.ZH9" />
        <option value="LanguageTool.ZH.XUNXUJIANJIN" />
        <option value="LanguageTool.ZH.ZH8" />
        <option value="LanguageTool.ZH.GUAN7_GUAN8" />
        <option value="LanguageTool.ZH.YONG3_YONG4" />
        <option value="LanguageTool.ZH.TU3_TU4" />
        <option value="LanguageTool.ZH.COU1_ZOU2" />
        <option value="LanguageTool.ZH.MOU1_MOU2" />
        <option value="LanguageTool.ZH.MING_WU" />
        <option value="LanguageTool.ZH.BEI3_BEI4" />
        <option value="LanguageTool.ZH.JIAN3_JIAN4" />
        <option value="LanguageTool.ZH.PIAO3_PIAO4" />
        <option value="LanguageTool.ZH.NIE1_NIE2" />
        <option value="LanguageTool.ZH.s5" />
        <option value="LanguageTool.ZH.s2" />
        <option value="LanguageTool.ZH.LU5_LU6" />
        <option value="LanguageTool.ZH.ZHANG5_ZHANG6" />
        <option value="LanguageTool.ZH.如法泡制" />
        <option value="LanguageTool.ZH.CANG1_CANG2" />
        <option value="LanguageTool.ZH.YI15_YI16" />
        <option value="LanguageTool.ZH.FEI7_FEI8" />
        <option value="LanguageTool.ZH.HUSHIDANDAN" />
        <option value="LanguageTool.ZH.LI13_LI14" />
        <option value="LanguageTool.ZH.TA1_TA2" />
        <option value="LanguageTool.ZH.HUANG5_HUANG6" />
        <option value="LanguageTool.ZH.ZHE3_ZHE4" />
        <option value="LanguageTool.ZH.YIN5_YIN6" />
        <option value="LanguageTool.ZH.FAYANGGUANGDA" />
        <option value="LanguageTool.ZH.NONGQIAOCHENGZHUO" />
        <option value="LanguageTool.ZH.AO1_AO2" />
        <option value="LanguageTool.ZH.SHUO1_SHUO2" />
        <option value="LanguageTool.ZH.LIN3_LIN4" />
        <option value="LanguageTool.ZH.WUYANZHANGQI" />
        <option value="LanguageTool.ZH.WANG5_WANG6" />
        <option value="LanguageTool.ZH.LANYUCHONGSHU" />
        <option value="LanguageTool.ZH.KE1_CHAO2" />
        <option value="LanguageTool.ZH.CHIZHAFENGYUN" />
        <option value="LanguageTool.ZH.QU1_QU2" />
        <option value="LanguageTool.ZH.DING3_DING4" />
        <option value="LanguageTool.ZH.ZHU9_ZHU10" />
        <option value="LanguageTool.ZH.TU_SHI" />
        <option value="LanguageTool.ZH.HUIJIASHUNAN" />
        <option value="LanguageTool.ZH.XU1_SHU2" />
        <option value="LanguageTool.ZH.TAO3_TAO4" />
        <option value="LanguageTool.ZH.XUAN3_XUAN4" />
        <option value="LanguageTool.ZH.SHIWAITAOYUAN" />
        <option value="LanguageTool.ZH.LI3_LI4" />
        <option value="LanguageTool.ZH.BIAN1_BIAN2" />
        <option value="LanguageTool.ZH.CHUERFANER" />
        <option value="LanguageTool.ZH.KUAIZHIRENKOU" />
        <option value="LanguageTool.ZH.DAN3_DAN4" />
        <option value="LanguageTool.ZH.BAO3_BAO4" />
        <option value="LanguageTool.ZH.LIAN11_LIAN12" />
        <option value="LanguageTool.ZH.XIAO7_XIAO8" />
        <option value="LanguageTool.ZH.QIE3_QIE4" />
        <option value="LanguageTool.ZH.QUTUXIXIN" />
        <option value="LanguageTool.ZH.LI9_LI10" />
        <option value="LanguageTool.ZH.ZHANGDENGJIECAI " />
        <option value="LanguageTool.ZH.SHU_RONG_WU" />
        <option value="LanguageTool.ZH.FU3_FU4" />
        <option value="LanguageTool.ZH.LVE1_LVE2" />
        <option value="LanguageTool.ZH.JIAN9_JIAN10" />
        <option value="LanguageTool.ZH.XUAN9_XUAN10" />
        <option value="LanguageTool.ZH.FAN1_FAN2" />
        <option value="LanguageTool.ZH.CHI1_CHI2" />
        <option value="LanguageTool.ZH.LUO1_LUO2" />
        <option value="LanguageTool.ZH.YU3_YU4" />
        <option value="LanguageTool.ZH.SI1_SI2" />
        <option value="LanguageTool.ZH.JIAO1_JIAO2" />
        <option value="LanguageTool.ZH.CHUNSHENRUHUA" />
        <option value="LanguageTool.ZH.MING3_MING4" />
        <option value="LanguageTool.ZH.XI5_XI6" />
        <option value="LanguageTool.ZH.GANENFEIFU" />
        <option value="LanguageTool.ZH.ZHANG7_ZHANG8" />
        <option value="LanguageTool.ZH.FANWENRUJIE" />
        <option value="LanguageTool.ZH.MAN3_MAN4" />
        <option value="LanguageTool.ZH.JIE1_JIE2" />
        <option value="LanguageTool.ZH.MI7_MI8" />
        <option value="LanguageTool.ZH.MU1_MU2" />
        <option value="LanguageTool.ZH.XIANG7_XIANG8" />
        <option value="LanguageTool.ZH.CHUO1_LU2" />
        <option value="LanguageTool.ZH.BU1_BU2" />
        <option value="LanguageTool.ZH.TIAN1_TIAN2" />
        <option value="LanguageTool.ZH.WEIMIAOWEIXIAO" />
        <option value="LanguageTool.ZH.YONG7_YONG8" />
        <option value="LanguageTool.ZH.CHUIMAOQIUCI" />
        <option value="LanguageTool.ZH.SHENGSIYOUGUAN" />
        <option value="LanguageTool.ZH.FENGYONGFENGYA" />
        <option value="LanguageTool.ZH.YU13_YU14" />
        <option value="LanguageTool.ZH.CHANG5_CHANG6" />
        <option value="LanguageTool.ZH.SHIDEQIFAN" />
        <option value="LanguageTool.ZH.DAI3_DAI4" />
        <option value="LanguageTool.ZH.XUNGUIDAOJU" />
        <option value="LanguageTool.ZH.REN1_REN2" />
        <option value="LanguageTool.ZH.ZHONG1_ZHOU2" />
        <option value="LanguageTool.ZH.TIANYIWUFENG" />
        <option value="LanguageTool.ZH.TING_YAN" />
        <option value="LanguageTool.ZH.NAO1_NAO2" />
        <option value="LanguageTool.ZH.YING3_YING4" />
        <option value="LanguageTool.ZH.HUA1_HAU2" />
        <option value="LanguageTool.ZH.ZHANG9_ZHANG10" />
        <option value="LanguageTool.ZH.HUNSHENSHIDAN" />
        <option value="LanguageTool.ZH.SIWUJIDAN" />
        <option value="LanguageTool.ZH.QING1_QING2" />
        <option value="LanguageTool.ZH.CHENG5_CHENG6" />
        <option value="LanguageTool.ZH.KANG1_KENG2" />
        <option value="LanguageTool.ZH.KE5_KE6" />
        <option value="LanguageTool.ZH.YE1_YE2" />
        <option value="LanguageTool.ZH.HUI5_HUI6" />
        <option value="LanguageTool.ZH.ZONG1_ZONG2" />
        <option value="LanguageTool.ZH.FEI3_FEI4" />
        <option value="LanguageTool.ZH.GONG7_GONG8" />
        <option value="LanguageTool.ZH.WEN5_WEN6" />
        <option value="LanguageTool.ZH.MAO1_MAO2" />
        <option value="LanguageTool.ZH.XINHUIYILENG" />
        <option value="LanguageTool.ZH.TING1_TING2" />
        <option value="LanguageTool.ZH.FUDICHOUXIN" />
        <option value="LanguageTool.ZH.PEI3_PEI4" />
        <option value="LanguageTool.ZH.CAN3_CAN4" />
        <option value="LanguageTool.ZH.BING1_BING2" />
        <option value="LanguageTool.ZH.QI7_QI8" />
        <option value="LanguageTool.ZH.ZHI23_ZHI24" />
        <option value="LanguageTool.ZH.CAOJIANRENMING" />
        <option value="LanguageTool.ZH.HAISHISHENLOU" />
        <option value="LanguageTool.ZH.DACAIXIAOYONG" />
        <option value="LanguageTool.ZH.MING9_MING10" />
        <option value="LanguageTool.ZH.DIAO1_DIAO2" />
        <option value="LanguageTool.ZH.DA_TAI" />
        <option value="LanguageTool.ZH.CANWURENDAO" />
        <option value="LanguageTool.ZH.ZHEN1_ZHEN2" />
        <option value="LanguageTool.ZH.GAN1_GAN2" />
        <option value="LanguageTool.ZH.XINHENSHOULA" />
        <option value="LanguageTool.ZH.JING3_JING4" />
        <option value="LanguageTool.ZH.s32" />
        <option value="LanguageTool.ZH.s34" />
        <option value="LanguageTool.ZH.CHONG_SUI" />
        <option value="LanguageTool.ZH.KUI3_KUI4" />
        <option value="LanguageTool.ZH.JIN4_JIN5" />
        <option value="LanguageTool.ZH.TIANFANDIFU" />
        <option value="LanguageTool.ZH.SHOU1_SHOU2" />
        <option value="LanguageTool.ZH.DI1_DI2" />
        <option value="LanguageTool.ZH.HUANG1_HUANG2" />
        <option value="LanguageTool.ZH.YI21_YI22" />
        <option value="LanguageTool.ZH.JU3_JU4" />
        <option value="LanguageTool.ZH.PILOUBAICHU" />
        <option value="LanguageTool.ZH.YUAN1_YUAN2" />
        <option value="LanguageTool.ZH.s31" />
        <option value="LanguageTool.ZH.ANRANSHISE" />
        <option value="LanguageTool.ZH.XI1_ZHE2" />
        <option value="LanguageTool.ZH.PI3_PI4" />
        <option value="LanguageTool.ZH.HONG1_HONG2" />
        <option value="LanguageTool.ZH.ZHANGHUANGSHICUO" />
        <option value="LanguageTool.ZH.SHEN3_SHEN4" />
        <option value="LanguageTool.ZH.FENGMAOLINJIAO" />
        <option value="LanguageTool.ZH.FANG3_FANG4" />
        <option value="LanguageTool.ZH.GANNAOTUDI" />
        <option value="LanguageTool.ZH.JI25_JI26" />
        <option value="LanguageTool.ZH.MI5_MI6" />
        <option value="LanguageTool.ZH.GUMINGDIAOYU" />
        <option value="LanguageTool.ZH.FANGRENJILIU" />
        <option value="LanguageTool.ZH.ZHI3_ZHI4" />
        <option value="LanguageTool.ZH.WEIYUCHOUMOU" />
        <option value="LanguageTool.ZH.BANMENNONGFU" />
        <option value="LanguageTool.ZH.XUN1_XUN2" />
        <option value="LanguageTool.ZH.SHI9_SHI10" />
        <option value="LanguageTool.ZH.SHAMOLVZHOU" />
        <option value="LanguageTool.ZH.WHITESPACE_RULE" />
        <option value="LanguageTool.ZH.NAOXIUCHENGNU" />
        <option value="LanguageTool.ZH.MIAO5_MIAO6" />
        <option value="LanguageTool.ZH.XINXINXIANGYIN" />
        <option value="LanguageTool.ZH.CUOTUOSUIYUE" />
        <option value="LanguageTool.ZH.SHOUQUYIZHI" />
        <option value="LanguageTool.ZH.TUO1_TUO2" />
        <option value="LanguageTool.ZH.SHENG9_SHENG10" />
        <option value="LanguageTool.ZH.DAI_FA" />
        <option value="LanguageTool.ZH.KANG1_KANG2" />
        <option value="LanguageTool.ZH.ZHI5_ZHI6" />
        <option value="LanguageTool.ZH.QUE3_QUE4" />
        <option value="LanguageTool.ZH.CI_LA" />
        <option value="LanguageTool.ZH.SHENG7_SHENG8" />
        <option value="LanguageTool.ZH.FU1_FU2" />
        <option value="LanguageTool.ZH.XIANG_SHANG" />
        <option value="LanguageTool.ZH.LEI5_LEI6" />
        <option value="LanguageTool.ZH.SHU1_SHU2" />
        <option value="LanguageTool.ZH.WANGFEIXINJI" />
        <option value="LanguageTool.ZH.ZHI19_ZHI20" />
        <option value="LanguageTool.ZH.XING5_XING6" />
        <option value="LanguageTool.ZH.MITIANDAHUANG" />
        <option value="LanguageTool.ZH.XIAO3_XIAO4" />
        <option value="LanguageTool.ZH.XI3_XI4" />
        <option value="LanguageTool.ZH.YAN1_YAN2" />
        <option value="LanguageTool.ZH.YU5_YU6" />
        <option value="LanguageTool.ZH.ZHONGCAI" />
        <option value="LanguageTool.ZH.MIAN3_MIAN4" />
        <option value="LanguageTool.ZH.OUXINLIXUE" />
        <option value="LanguageTool.ZH.XIU3_XIU4" />
        <option value="LanguageTool.ZH.JING7_JING8" />
        <option value="LanguageTool.ZH.BI7_BI8" />
        <option value="LanguageTool.ZH.YANG1_YANG2" />
        <option value="LanguageTool.ZH.QIARUQIFEN" />
        <option value="LanguageTool.ZH.JI27_JI28" />
        <option value="LanguageTool.ZH.HONG5_HONG6" />
        <option value="LanguageTool.ZH.LI5_LI6" />
        <option value="LanguageTool.ZH.TANG1_TANG2" />
        <option value="LanguageTool.ZH.YI19_YI20" />
        <option value="LanguageTool.ZH.LIAN5_LIAN6" />
        <option value="LanguageTool.ZH.SHAN1_SHAN2" />
        <option value="LanguageTool.ZH.FANLAIFUQU" />
        <option value="LanguageTool.ZH.XI1_CHAI2" />
        <option value="LanguageTool.ZH.BIAN1_BIAN2_BIAN3_BAN4" />
        <option value="LanguageTool.ZH.LIAN9_LIAN10" />
        <option value="LanguageTool.ZH.QUE5_QUE6" />
        <option value="LanguageTool.ZH.SHI11_SHI12" />
        <option value="LanguageTool.ZH.MAOSUIZIJIAN" />
        <option value="LanguageTool.ZH.JI35_JI36" />
        <option value="LanguageTool.ZH.ZANG1_ZANG2" />
        <option value="LanguageTool.ZH.CUIXITANXIN" />
        <option value="LanguageTool.ZH.DAO1_DAO2" />
        <option value="LanguageTool.ZH.XIE5_XIE6" />
        <option value="LanguageTool.ZH.HUOZHONGQVLI" />
        <option value="LanguageTool.ZH.YOU7_YOU8" />
        <option value="LanguageTool.ZH.JI7_JI8" />
        <option value="LanguageTool.ZH.JIN2_JIN3" />
        <option value="LanguageTool.ZH.ZHOU5_ZHOU6" />
        <option value="LanguageTool.ZH.QI11_QI12" />
        <option value="LanguageTool.ZH.ZHI_JIU" />
        <option value="LanguageTool.ZH.BU" />
        <option value="LanguageTool.ZH.PIJINZHANJI" />
        <option value="LanguageTool.ZH.CAI3_CAI4" />
        <option value="LanguageTool.ZH.ZHA1_ZHA2" />
        <option value="LanguageTool.ZH.CHENG3_CHENG4" />
        <option value="LanguageTool.ZH.ZHEN10_ZHEN11" />
        <option value="LanguageTool.ZH.BU3_BU4" />
        <option value="LanguageTool.ZH.ZHOU3_ZHOU4" />
        <option value="LanguageTool.ZH.ZHEN5_ZHEN6" />
        <option value="LanguageTool.ZH.JIAO9_JIAO10" />
        <option value="LanguageTool.ZH.QIAN1_QIAN2" />
        <option value="LanguageTool.ZH.JU1_JU2" />
        <option value="LanguageTool.ZH.TIAOBOSHIFEI" />
        <option value="LanguageTool.ZH.SHI_ADHECTIVE_ERROR" />
        <option value="LanguageTool.ZH.RUCHUYIZHE" />
        <option value="LanguageTool.ZH.YUAN7_YUAN8" />
        <option value="LanguageTool.ZH.PI5_PI6" />
        <option value="LanguageTool.ZH.PAN1_PAN2" />
        <option value="LanguageTool.ZH.GONG3_GONG4" />
        <option value="LanguageTool.ZH.JI17_JI18" />
        <option value="LanguageTool.ZH.GOU1_GOU2" />
        <option value="LanguageTool.ZH.WEN3_WEN4" />
        <option value="LanguageTool.ZH.LAN13_LAN14" />
        <option value="LanguageTool.ZH.LUN3_LUN4" />
        <option value="LanguageTool.ZH.TAOZHIYAOYAO" />
        <option value="LanguageTool.ZH.YICHOUMOZHAN" />
        <option value="LanguageTool.ZH.MO11_MO12" />
        <option value="LanguageTool.ZH.QI5_QI6" />
        <option value="LanguageTool.ZH.LAOCHENGCHIZHONG" />
        <option value="LanguageTool.ZH.KONGQIANJUEHOU" />
        <option value="LanguageTool.ZH.TIE1_TIE2" />
        <option value="LanguageTool.ZH.ZUO5_ZUO6" />
        <option value="LanguageTool.ZH.WU9_WU10" />
        <option value="LanguageTool.ZH.QIA1_QIA2" />
        <option value="LanguageTool.ZH.WEILISHITU" />
        <option value="LanguageTool.ZH.MIAO1_MIAO2" />
        <option value="LanguageTool.ZH.JIU1_JIU2" />
        <option value="LanguageTool.ZH.WU7_WU8" />
        <option value="LanguageTool.ZH.JING9_JING10" />
        <option value="LanguageTool.ZH.BIECHUJIZHU" />
        <option value="LanguageTool.ZH.NIESHOUNIEJIAO" />
        <option value="LanguageTool.ZH.SI1_JI2" />
        <option value="LanguageTool.ZH.WU13_WU14" />
        <option value="LanguageTool.ZH.FU_LV" />
        <option value="LanguageTool.ZH.ZHI11_ZHI12" />
        <option value="LanguageTool.ZH.MENTINGRUOSHI" />
        <option value="LanguageTool.ZH.DAN1_DAN2" />
        <option value="LanguageTool.ZH.JUGONGJINCUI" />
        <option value="LanguageTool.ZH.BEI5_BEI6" />
        <option value="LanguageTool.ZH.POTIWEIXIAO" />
        <option value="LanguageTool.ZH.XINYUANYIMA" />
        <option value="LanguageTool.ZH.JIAO7_JIAO8" />
        <option value="LanguageTool.ZH.MINGBIANSHIFEI" />
        <option value="LanguageTool.ZH.SHUIHUOBURONG" />
        <option value="LanguageTool.ZH.PENGRANXINDONG" />
        <option value="LanguageTool.ZH.ANBANGDINGGUO" />
        <option value="LanguageTool.ZH.LONGFEIFENGWU" />
        <option value="LanguageTool.ZH.YUN1_YUN2" />
        <option value="LanguageTool.ZH.LIU1_LIU2" />
        <option value="LanguageTool.ZH.SONG1_SONG2" />
        <option value="LanguageTool.ZH.ZHUO3_ZHUO4" />
        <option value="LanguageTool.ZH.GAN1_GAN2_GAN3" />
        <option value="LanguageTool.ZH.FUTANGDAOHUO" />
        <option value="LanguageTool.ZH.GU3_GU4" />
        <option value="LanguageTool.ZH.TAO1_TAO2" />
        <option value="LanguageTool.ZH.LISHANGWANGLAI" />
        <option value="LanguageTool.ZH.DIE1_DIE2" />
        <option value="LanguageTool.ZH.MAOHESHENLI" />
        <option value="LanguageTool.ZH.QIONGBINGDUWU" />
        <option value="LanguageTool.ZH.YI23_YI24" />
        <option value="LanguageTool.ZH.BI5_BI6" />
        <option value="LanguageTool.ZH.GUANG1_GUANG2" />
        <option value="LanguageTool.ZH.YI5_YI6" />
        <option value="LanguageTool.ZH.YI9_YI10" />
        <option value="LanguageTool.ZH.SHAO1_SHAO2" />
        <option value="LanguageTool.ZH.SHIBUGUOFU" />
        <option value="LanguageTool.ZH.KE3_KE4" />
        <option value="LanguageTool.ZH.JIU3_JIU4" />
        <option value="LanguageTool.ZH.CHI1_SHI2" />
        <option value="LanguageTool.ZH.ANBUJIUBAN" />
        <option value="LanguageTool.ZH.OU5_OU6" />
        <option value="LanguageTool.ZH.LIANGCHENMEIJING" />
        <option value="LanguageTool.ZH.YE5_YE6" />
        <option value="LanguageTool.ZH.BUJIAOBUZAO" />
        <option value="LanguageTool.ZH.XIANGXINGJIANCHU" />
        <option value="LanguageTool.ZH.WUJIZHITAN" />
        <option value="LanguageTool.ZH.CHE1_CHE2" />
        <option value="LanguageTool.ZH.PINGSHUIXIANGFENG" />
        <option value="LanguageTool.ZH.SHENJUJIANCHU" />
        <option value="LanguageTool.ZH.QU5_QU6" />
        <option value="LanguageTool.ZH.TI1_TI2" />
        <option value="LanguageTool.ZH.XIA1_XIA2" />
        <option value="LanguageTool.ZH.BEI1_BEI2" />
        <option value="LanguageTool.ZH.ZHANGYIZHIYAN " />
        <option value="LanguageTool.ZH.SHANQINGSHUIXIU" />
        <option value="LanguageTool.ZH.SHIJUNDUOWEI" />
        <option value="LanguageTool.ZH.BI9_BI10" />
        <option value="LanguageTool.ZH.BUHANERLI" />
        <option value="LanguageTool.ZH.DAN5_DAN6" />
        <option value="LanguageTool.ZH.SHANHONGBAOFA" />
        <option value="LanguageTool.ZH.XUAN7_XUAN8" />
        <option value="LanguageTool.ZH.MO13_MO14" />
        <option value="LanguageTool.ZH.KUXINGUYI" />
        <option value="LanguageTool.ZH.YIBIGOUXIAO" />
        <option value="LanguageTool.ZH.RAN1_RAN2" />
        <option value="LanguageTool.ZH.JI15_JI16" />
        <option value="LanguageTool.ZH.FEI5_FEI6" />
        <option value="LanguageTool.ZH.CHENG1_PIN2" />
        <option value="LanguageTool.ZH.ZHUI1_ZHUI2" />
        <option value="LanguageTool.ZH.WEI_MEI" />
        <option value="LanguageTool.ZH.JUN1_DIAO2" />
        <option value="LanguageTool.ZH.ZHONG1_ZHONG2" />
        <option value="LanguageTool.ZH.BINGHUANGMALUAN" />
        <option value="LanguageTool.ZH.GANG1_GANG2" />
        <option value="LanguageTool.ZH.WU5_WU6" />
        <option value="LanguageTool.ZH.MIAN1_MIAN2" />
        <option value="LanguageTool.ZH.XIAN3_XIAN4" />
        <option value="LanguageTool.ZH.GUIGUISUISUI" />
        <option value="LanguageTool.ZH.XI1_XI2" />
        <option value="LanguageTool.ZH.XIE11_XIE12" />
        <option value="LanguageTool.ZH.TA1_TA2_TA3" />
        <option value="LanguageTool.ZH.HUN1_HUN2" />
        <option value="LanguageTool.ZH.YU11_YU12" />
        <option value="LanguageTool.ZH.JI5_JI6" />
        <option value="LanguageTool.ZH.GANG3_GANG4" />
        <option value="LanguageTool.ZH.SHA1_SHA2" />
        <option value="LanguageTool.ZH.XIAO9_XIAO10" />
        <option value="LanguageTool.ZH.SHUSHENGLANGLANG" />
        <option value="LanguageTool.ZH.LIAO1_LIAO2" />
        <option value="LanguageTool.ZH.DIAO_DAO" />
        <option value="LanguageTool.ZH.RUXIUWEIGAN" />
        <option value="LanguageTool.ZH.CHAN1_SHEN2" />
        <option value="LanguageTool.ZH.SHOUYIFEIQIAN" />
        <option value="LanguageTool.ZH.LUN5_LUN6" />
        <option value="LanguageTool.ZH.CUI1_CUI2" />
        <option value="LanguageTool.ZH.YAO1_YAO2" />
        <option value="LanguageTool.ZH.TUI1_TUI2" />
        <option value="LanguageTool.ZH.DIAOXIAOZHIZHAO" />
        <option value="LanguageTool.ZH.LIANG1_LIANG2" />
        <option value="LanguageTool.ZH.YING1_YING2" />
        <option value="LanguageTool.ZH.BAO1_BAO2" />
        <option value="LanguageTool.ZH.TIANBUZHICHI" />
        <option value="LanguageTool.ZH.PENG1_PENG2" />
        <option value="LanguageTool.ZH.SHUIRUJIAORONG" />
        <option value="LanguageTool.ZH.SHIXUEWEIMENG" />
        <option value="LanguageTool.ZH.JINBANGTIMING" />
        <option value="LanguageTool.ZH.CUO7_CUO8" />
        <option value="LanguageTool.ZH.QINGGEMANWU" />
        <option value="LanguageTool.ZH.POFUCHENGZHOU" />
        <option value="LanguageTool.ZH.TONGCHOUDIKAI" />
        <option value="LanguageTool.ZH.ZHANG1_ZHANG2" />
        <option value="LanguageTool.ZH.JIAO5_JIAO6" />
        <option value="LanguageTool.ZH.DAMINGDINGDING" />
        <option value="LanguageTool.ZH.NIAN1_QING2" />
        <option value="LanguageTool.ZH.DIE5_DIE6" />
        <option value="LanguageTool.ZH.YE1_JIE2" />
        <option value="LanguageTool.ZH.XIANG1_XIANG2" />
        <option value="LanguageTool.ZH.BIAO3_BIAO4" />
        <option value="LanguageTool.ZH.XIAOYULANGLANG" />
        <option value="LanguageTool.ZH.ZI1_ZI2" />
        <option value="LanguageTool.ZH.MORANHUISHOU" />
        <option value="LanguageTool.ZH.BO3_BO4" />
        <option value="LanguageTool.ZH.XIAN5_XIAN6" />
        <option value="LanguageTool.ZH.QINNENGBUZHUO" />
        <option value="LanguageTool.ZH.YOU5_YOU6" />
        <option value="LanguageTool.ZH.MU1_MU2_MU3_MU4" />
        <option value="LanguageTool.ZH.YUNCHOUWEIWO" />
        <option value="LanguageTool.ZH.SHI7_SHI8" />
        <option value="LanguageTool.ZH.YU9_YU10" />
        <option value="LanguageTool.ZH.PING1_PING2" />
        <option value="LanguageTool.ZH.SUISHENGFUHE" />
        <option value="LanguageTool.ZH.GONG11_GONG12" />
        <option value="LanguageTool.ZH.HUA3_HUA4" />
        <option value="LanguageTool.ZH.YOU1_YOU2" />
        <option value="LanguageTool.ZH.BODAJINGSHEN" />
        <option value="LanguageTool.ZH.FU15_FU16" />
        <option value="LanguageTool.ZH.WAN1_WAN2" />
        <option value="LanguageTool.ZH.CANJUERENHUAN" />
        <option value="LanguageTool.ZH.LI11_LI12" />
        <option value="LanguageTool.ZH.JIN8_JIN9" />
        <option value="LanguageTool.ZH.XIAN1_XIAN2" />
        <option value="LanguageTool.ZH.YIN3_YIN4" />
        <option value="LanguageTool.ZH.LIAO3_LIAO4" />
        <option value="LanguageTool.ZH.LAN9_LAN10" />
        <option value="LanguageTool.ZH.ZHI9_ZHI10" />
        <option value="LanguageTool.ZH.BI3_BI4" />
        <option value="LanguageTool.ZH.LIN1_LIN2" />
        <option value="LanguageTool.ZH.CHA_TU" />
        <option value="LanguageTool.ZH.XIONG1_XIONG2" />
        <option value="LanguageTool.ZH.ZHUANG1_ZHUANG2" />
        <option value="LanguageTool.ZH.JUE3_JUE4" />
        <option value="LanguageTool.ZH.ZHAOYAOZHUANGPIAN" />
        <option value="LanguageTool.ZH.DI1_DI2_DI3" />
        <option value="LanguageTool.ZH.BAO11_BAO12" />
        <option value="LanguageTool.ZH.SHENG5_SHENG6" />
        <option value="LanguageTool.ZH.SHENG3_SHENG4" />
        <option value="LanguageTool.ZH.QU3_QU4" />
        <option value="LanguageTool.ZH.LI1_LI2" />
        <option value="LanguageTool.ZH.ZU1_JU2" />
        <option value="LanguageTool.ZH.YI17_YI18" />
        <option value="LanguageTool.ZH.MU_MI " />
        <option value="LanguageTool.ZH.GANZHIRUYI" />
        <option value="LanguageTool.ZH.FEN1_FEN2" />
        <option value="LanguageTool.ZH.LI15_LI16" />
        <option value="LanguageTool.ZH.GU5_GU6" />
        <option value="LanguageTool.ZH.KUAI1_KUAI2" />
        <option value="LanguageTool.ZH.YIN7_YIN8" />
        <option value="LanguageTool.ZH.KUZAOWUWEI" />
        <option value="LanguageTool.ZH.YI13_YI14" />
        <option value="LanguageTool.ZH.ZUN1_ZUN2" />
        <option value="LanguageTool.ZH.SHENGDONGJIXI" />
        <option value="LanguageTool.ZH.SHI3_SHI4" />
        <option value="LanguageTool.ZH.YAN11_YAN12" />
        <option value="LanguageTool.ZH.QI9_QI10" />
        <option value="LanguageTool.ZH.ZHE1_ZHE2" />
        <option value="LanguageTool.ZH.JI21_JI22" />
        <option value="LanguageTool.ZH.GAI3_GAI4" />
        <option value="LanguageTool.ZH.YE3_YE4" />
        <option value="LanguageTool.ZH.LEI3_LEI4" />
        <option value="LanguageTool.ZH.BIAO5_BIAO6" />
        <option value="LanguageTool.ZH.SHEN7_SHEN8" />
        <option value="LanguageTool.ZH.WU1_WU2" />
        <option value="LanguageTool.ZH.SHU5_SHU6" />
        <option value="LanguageTool.ZH.MA1_MA2" />
        <option value="LanguageTool.ZH.FU11_FU12" />
        <option value="LanguageTool.ZH.SHIJUNLIDI" />
        <option value="LanguageTool.ZH.SONG3_SONG4" />
        <option value="LanguageTool.ZH.QIANGNUZHIMO" />
        <option value="LanguageTool.ZH.JI1_JI2" />
        <option value="LanguageTool.ZH.ZHI15_ZHI16" />
        <option value="LanguageTool.ZH.YI7_YI8" />
        <option value="LanguageTool.ZH.YU1_YU2" />
        <option value="LanguageTool.ZH.NAO3_NAO4" />
        <option value="LanguageTool.ZH.JI9_JI10" />
        <option value="LanguageTool.ZH.TIANYANMIYU" />
        <option value="LanguageTool.ZH.DUO1_DUO2" />
        <option value="LanguageTool.ZH.OU3_OU4" />
        <option value="LanguageTool.ZH.TONG1_TONG2" />
        <option value="LanguageTool.ZH.XIAORONGKEJU" />
        <option value="LanguageTool.ZH.QING3_QING4" />
        <option value="LanguageTool.ZH.ZHI1_ZHI2" />
        <option value="LanguageTool.ZH.CHONG1_CHONG2" />
        <option value="LanguageTool.ZH.TUO3_TUO4" />
        <option value="LanguageTool.ZH.XUXURUSHENG" />
        <option value="LanguageTool.ZH.PI1_PI2" />
        <option value="LanguageTool.ZH.CHANG1_CHANG2" />
        <option value="LanguageTool.ZH.LV1_LV2" />
        <option value="LanguageTool.ZH.BAN5_BAN6" />
        <option value="LanguageTool.ZH.ZAO5_ZAO6" />
        <option value="LanguageTool.ZH.ZHE_CHAI" />
        <option value="LanguageTool.ZH.XINHUIYILAN" />
        <option value="LanguageTool.ZH.惶_皇" />
        <option value="LanguageTool.ZH.QI_RONG" />
        <option value="LanguageTool.ZH.DUO1_ZHUI2" />
        <option value="LanguageTool.ZH.XI9_XI10" />
        <option value="LanguageTool.ZH.KAN3_KAN4" />
        <option value="LanguageTool.ZH.XIANGFUXIANGCHENG" />
        <option value="LanguageTool.ZH.CHENG1_CHENG2" />
        <option value="LanguageTool.ZH.YAN13_YAN14" />
        <option value="LanguageTool.ZH.DIAN1_DIAN2" />
        <option value="LanguageTool.ZH.CONG_WU" />
        <option value="LanguageTool.ZH.ZHI13_ZHI14" />
        <option value="LanguageTool.ZH.WU3_WU4" />
        <option value="LanguageTool.ZH.LAN3_LAN4" />
        <option value="LanguageTool.ZH.XING9_XING10" />
        <option value="LanguageTool.ZH.LING_JIN" />
        <option value="LanguageTool.ZH.QING5_QING6" />
        <option value="LanguageTool.ZH.SENYANBILEI" />
        <option value="LanguageTool.ZH.BO1_BO2" />
        <option value="LanguageTool.ZH.MOSHOUCHENGGUI" />
        <option value="LanguageTool.ZH.REN3_REN4" />
        <option value="LanguageTool.ZH.JI11_JI12" />
        <option value="LanguageTool.ZH.ZHISHOUKERE " />
        <option value="LanguageTool.ZH.LVE3_LVE4" />
        <option value="LanguageTool.ZH.JIN1_JIN2" />
        <option value="LanguageTool.ZH.WEI1_WEI2" />
        <option value="LanguageTool.ZH.XIANGCHEYUNXIAO" />
        <option value="LanguageTool.ZH.YAN5_YAN6" />
        <option value="LanguageTool.ZH.XIE1_XIAO2" />
        <option value="LanguageTool.ZH.XIU_TI" />
        <option value="LanguageTool.ZH.GENG1_GENG2" />
      </set>
    </option>
  </component>
</application>