<application>
  <component name="MarkdownApplicationSettings" HideErrors="true">
    <MarkdownCssSettings TextEnabled="true" StylesheetText="body {&#10;    font-family: 'WenQuanYi Micro Hei', arial, sans-serif;&#10;}&#10;code {&#10;    font-family: 'WenQuanYi Micro Hei Mono', arial, sans-serif, monospace;&#10;}" />
  </component>
  <component name="MarkdownExtensionsSettings">
    <enabledExtensions>
      <entry key="MermaidLanguageExtension" value="true" />
      <entry key="PlantUMLLanguageExtension" value="true" />
    </enabledExtensions>
  </component>
</application>