<application>
  <component name="NotificationConfiguration">
    <notification groupId="Accepted language levels" displayType="NONE" />
    <notification groupId="Database detector" displayType="NONE" />
    <notification groupId="Docker: Dockerfile detection" displayType="NONE" shouldLog="false" />
    <notification groupId="HotSwap" displayType="NONE" />
    <notification groupId="One Dark Theme" displayType="NONE" shouldLog="false" />
    <notification groupId="Spring Configuration Check" displayType="NONE" />
  </component>
</application>